mask_value,mean_bit_accuracy,std_bit_accuracy,count
-10,0.9210221555829048,0.021448941024297632,200
-6,0.731907571554184,0.036465434861675784,200
-3,0.586477886736393,0.02386232853644314,200
0,0.5329752810299396,0.015708711468726575,200
3,0.5158659043908119,0.013206691979587865,200
6,0.5099218937754632,0.010656460435760965,200
10,0.5125195515155793,0.010655756313348398,200
