{
  "noise-1": {
    "IPR_extraction": {
      "ipr_SSIM": 0.8071588277816772,
      "ipr_SSIM_v": 0.5868094563484192
    }
  },
  "noise-3": {
    "IPR_extraction": {
      "ipr_SSIM": 0.808959424495697,
      "ipr_SSIM_v": 0.5891667008399963
    }
  },
  "noise-6": {
    "IPR_extraction": {
      "ipr_SSIM": 0.808570384979248,
      "ipr_SSIM_v": 0.5948624610900879
    }
  },
  "noise-9": {
    "IPR_extraction": {
      "ipr_SSIM": 0.8052765727043152,
      "ipr_SSIM_v": 0.5986897945404053
    }
  },
  "noise-12": {
    "IPR_extraction": {
      "ipr_SSIM": 0.8026401400566101,
      "ipr_SSIM_v": 0.6048246622085571
    }
  },
  "none-1": {
    "IPR_extraction": {
      "ipr_SSIM": 0.8067684173583984,
      "ipr_SSIM_v": 0.5869930982589722
    },
    "IPR_extraction_with_multimedia_attacks": {
      "none": [
        0.8067647814750671,
        0.5869990587234497
      ],
      "rot_25": [
        0.5714161396026611,
        0.6021572947502136
      ],
      "rot_90": [
        0.4381026029586792,
        0.5869990587234497
      ],
      "jpeg_80": [
        0.7824743986129761,
        0.5731586217880249
      ],
      "jpeg_50": [
        0.7710652351379395,
        0.5715020895004272
      ],
      "brightness_1p5": [
        0.7082141637802124,
        0.5905294418334961
      ],
      "brightness_2": [
        0.6080191135406494,
        0.6274533271789551
      ],
      "contrast_1p5": [
        0.7940963506698608,
        0.5955244898796082
      ],
      "contrast_2": [
        0.756538987159729,
        0.5749596953392029
      ],
      "saturation_1p5": [
        0.8196243047714233,
        0.6111471652984619
      ],
      "saturation_2": [
        0.8306548595428467,
        0.6347679495811462
      ],
      "sharpness_1p5": [
        0.7960853576660156,
        0.5820106267929077
      ],
      "sharpness_2": [
        0.7829257845878601,
        0.5786226987838745
      ],
      "overlay_text": [
        0.883379340171814,
        0.717474102973938
      ]
    },
    "fid50k_full": 4.2000300446382735,
    "fid50k_full_trigger": 181.29325787395774
  },
  "pruning-5": {
    "IPR_extraction": {
      "ipr_SSIM": 0.806479811668396,
      "ipr_SSIM_v": 0.5865458846092224
    }
  },
  "pruning-15": {
    "IPR_extraction": {
      "ipr_SSIM": 0.8057783842086792,
      "ipr_SSIM_v": 0.588546633720398
    }
  },
  "pruning-20": {
    "IPR_extraction": {
      "ipr_SSIM": 0.8014371395111084,
      "ipr_SSIM_v": 0.584208071231842
    }
  },
  "pruning-25": {
    "IPR_extraction": {
      "ipr_SSIM": 0.7877642512321472,
      "ipr_SSIM_v": 0.5764287710189819
    }
  },
  "pruning-30": {
    "IPR_extraction": {
      "ipr_SSIM": 0.7501012682914734,
      "ipr_SSIM_v": 0.5530043840408325
    }
  },
  "pruning-35": {
    "IPR_extraction": {
      "ipr_SSIM": 0.7343183755874634,
      "ipr_SSIM_v": 0.5443447828292847
    }
  },
  "pruning-40": {
    "IPR_extraction": {
      "ipr_SSIM": 0.7269601821899414,
      "ipr_SSIM_v": 0.5528537631034851
    }
  },
  "pruning-45": {
    "IPR_extraction": {
      "ipr_SSIM": 0.725967288017273,
      "ipr_SSIM_v": 0.5478209257125854
    }
  },
  "quantization-6": {
    "IPR_extraction": {
      "ipr_SSIM": 0.693719744682312,
      "ipr_SSIM_v": 0.5969617366790771
    }
  },
  "quantization-7": {
    "IPR_extraction": {
      "ipr_SSIM": 0.8038408160209656,
      "ipr_SSIM_v": 0.5935627222061157
    }
  },
  "quantization-8": {
    "IPR_extraction": {
      "ipr_SSIM": 0.8065007925033569,
      "ipr_SSIM_v": 0.5905458927154541
    }
  },
  "quantization-9": {
    "IPR_extraction": {
      "ipr_SSIM": 0.8070042133331299,
      "ipr_SSIM_v": 0.5873770117759705
    }
  },
  "quantization-10": {
    "IPR_extraction": {
      "ipr_SSIM": 0.8054079413414001,
      "ipr_SSIM_v": 0.5858227014541626
    }
  }
}