{
  "noise-1": {
    "T4G_extraction": {
      "bit_accs_avc": 0.9285482168197632,
      "bit_accs_std": 0.0950104296207428,
      "perceptual_metric": 0.8048142194747925,
      "bit_accs_avg_vanilla": 0.5636393427848816,
      "bit_accs_std_vanilla": 0.048722513020038605
    },
    "fid50k_full": 7.122815366286449,
    "fid50k_full_trigger": 9.396274264928003
  },
  "noise-3": {
    "T4G_extraction": {
      "bit_accs_avc": 0.8251953125,
      "bit_accs_std": 0.10051792860031128,
      "perceptual_metric": 0.8106724619865417,
      "bit_accs_avg_vanilla": 0.55322265625,
      "bit_accs_std_vanilla": 0.04747915267944336
    },
    "fid50k_full": 17.70457686036928,
    "fid50k_full_trigger": 30.330805640146984
  },
  "noise-6": {
    "T4G_extraction": {
      "bit_accs_avc": 0.6350911855697632,
      "bit_accs_std": 0.06872361898422241,
      "perceptual_metric": 0.82436603307724,
      "bit_accs_avg_vanilla": 0.5406901240348816,
      "bit_accs_std_vanilla": 0.040742650628089905
    },
    "fid50k_full": 42.55801692814785,
    "fid50k_full_trigger": 70.92349096263825
  },
  "noise-9": {
    "T4G_extraction": {
      "bit_accs_avc": 0.5846354365348816,
      "bit_accs_std": 0.050135836005210876,
      "perceptual_metric": 0.8392925262451172,
      "bit_accs_avg_vanilla": 0.546875,
      "bit_accs_std_vanilla": 0.038865841925144196
    },
    "fid50k_full": 74.62884660890262,
    "fid50k_full_trigger": 157.256173146229
  },
  "noise-12": {
    "T4G_extraction": {
      "bit_accs_avc": 0.5760091543197632,
      "bit_accs_std": 0.03721180930733681,
      "perceptual_metric": 0.8561949729919434,
      "bit_accs_avg_vanilla": 0.56591796875,
      "bit_accs_std_vanilla": 0.040567636489868164
    },
    "fid50k_full": 123.33111527735312,
    "fid50k_full_trigger": 298.11774181537044
  },
  "none-1": {
    "T4G_extraction": {
      "bit_accs_avc": 0.9365234375,
      "bit_accs_std": 0.09071096032857895,
      "perceptual_metric": 0.8034834265708923,
      "bit_accs_avg_vanilla": 0.5654296875,
      "bit_accs_std_vanilla": 0.05161266028881073
    },
    "T4G_extraction_with_multimedia_attacks": {
      "none": 0.93708336353302,
      "crop_05": 0.8014583587646484,
      "crop_01": 0.6443749666213989,
      "rot_25": 0.5964583158493042,
      "rot_90": 0.5610417127609253,
      "jpeg_80": 0.6768749952316284,
      "jpeg_50": 0.5756250023841858,
      "brightness_1p5": 0.9387499690055847,
      "brightness_2": 0.89124995470047,
      "contrast_1p5": 0.934166669845581,
      "contrast_2": 0.9414583444595337,
      "saturation_1p5": 0.9174999594688416,
      "saturation_2": 0.8587499856948853,
      "sharpness_1p5": 0.9539583325386047,
      "sharpness_2": 0.9591667056083679,
      "resize_05": 0.5633333325386047,
      "resize_01": 0.4910416603088379,
      "overlay_text": 0.7677083611488342,
      "comb": 0.6256250143051147
    },
    "fid50k_full": 5.9265286389234255,
    "fid50k_full_trigger": 7.180021046877924
  },
  "pruning-5": {
    "T4G_extraction": {
      "bit_accs_avc": 0.9392904043197632,
      "bit_accs_std": 0.08772964775562286,
      "perceptual_metric": 0.8025481104850769,
      "bit_accs_avg_vanilla": 0.56884765625,
      "bit_accs_std_vanilla": 0.047604937106370926
    },
    "fid50k_full": 6.172708024164751,
    "fid50k_full_trigger": 7.683940287849595
  },
  "pruning-15": {
    "T4G_extraction": {
      "bit_accs_avc": 0.9267578125,
      "bit_accs_std": 0.07545539736747742,
      "perceptual_metric": 0.8057187795639038,
      "bit_accs_avg_vanilla": 0.5738932490348816,
      "bit_accs_std_vanilla": 0.0452721081674099
    },
    "fid50k_full": 9.82382177739273,
    "fid50k_full_trigger": 11.274194724140376
  },
  "pruning-20": {
    "T4G_extraction": {
      "bit_accs_avc": 0.880859375,
      "bit_accs_std": 0.0784728154540062,
      "perceptual_metric": 0.8187159895896912,
      "bit_accs_avg_vanilla": 0.5764974355697632,
      "bit_accs_std_vanilla": 0.04757268726825714
    },
    "fid50k_full": 19.5901008859409,
    "fid50k_full_trigger": 20.305956229121836
  },
  "pruning-25": {
    "T4G_extraction": {
      "bit_accs_avc": 0.8623046875,
      "bit_accs_std": 0.0719902440905571,
      "perceptual_metric": 0.8330507278442383,
      "bit_accs_avg_vanilla": 0.54736328125,
      "bit_accs_std_vanilla": 0.0410647839307785
    },
    "fid50k_full": 30.975818229723085,
    "fid50k_full_trigger": 32.67500477941362
  },
  "pruning-30": {
    "T4G_extraction": {
      "bit_accs_avc": 0.7989909052848816,
      "bit_accs_std": 0.0758441612124443,
      "perceptual_metric": 0.8523907661437988,
      "bit_accs_avg_vanilla": 0.5655924677848816,
      "bit_accs_std_vanilla": 0.04351933300495148
    },
    "fid50k_full": 64.09349508815414,
    "fid50k_full_trigger": 70.06726737774801
  },
  "pruning-35": {
    "T4G_extraction": {
      "bit_accs_avc": 0.6931966543197632,
      "bit_accs_std": 0.0902901142835617,
      "perceptual_metric": 0.8693627119064331,
      "bit_accs_avg_vanilla": 0.5481771230697632,
      "bit_accs_std_vanilla": 0.03572746738791466
    },
    "fid50k_full": 59.52085153907514,
    "fid50k_full_trigger": 64.34175132657248
  },
  "pruning-40": {
    "T4G_extraction": {
      "bit_accs_avc": 0.599609375,
      "bit_accs_std": 0.049669284373521805,
      "perceptual_metric": 0.8885135650634766,
      "bit_accs_avg_vanilla": 0.5436198115348816,
      "bit_accs_std_vanilla": 0.033829715102910995
    },
    "fid50k_full": 92.2595079461844,
    "fid50k_full_trigger": 93.38608649623163
  },
  "pruning-45": {
    "T4G_extraction": {
      "bit_accs_avc": 0.6676432490348816,
      "bit_accs_std": 0.06561357527971268,
      "perceptual_metric": 0.8709577322006226,
      "bit_accs_avg_vanilla": 0.5556640625,
      "bit_accs_std_vanilla": 0.04626152664422989
    },
    "fid50k_full": 134.30379334464328,
    "fid50k_full_trigger": 139.35268729149013
  },
  "quantization-6": {
    "T4G_extraction": {
      "bit_accs_avc": 0.6095377802848816,
      "bit_accs_std": 0.04829539731144905,
      "perceptual_metric": 0.8651109933853149,
      "bit_accs_avg_vanilla": 0.5367838740348816,
      "bit_accs_std_vanilla": 0.059645239263772964
    },
    "fid50k_full": 140.10680180049528,
    "fid50k_full_trigger": 156.5692098927954
  },
  "quantization-7": {
    "T4G_extraction": {
      "bit_accs_avc": 0.7727864980697632,
      "bit_accs_std": 0.08173656463623047,
      "perceptual_metric": 0.846726655960083,
      "bit_accs_avg_vanilla": 0.5847982168197632,
      "bit_accs_std_vanilla": 0.04822015389800072
    },
    "fid50k_full": 89.62607361423468,
    "fid50k_full_trigger": 90.16511681922331
  },
  "quantization-8": {
    "T4G_extraction": {
      "bit_accs_avc": 0.8972982168197632,
      "bit_accs_std": 0.09556634724140167,
      "perceptual_metric": 0.8053223490715027,
      "bit_accs_avg_vanilla": 0.560546875,
      "bit_accs_std_vanilla": 0.049909524619579315
    },
    "fid50k_full": 8.273993406555308,
    "fid50k_full_trigger": 10.411268889440404
  },
  "quantization-9": {
    "T4G_extraction": {
      "bit_accs_avc": 0.93017578125,
      "bit_accs_std": 0.08743943274021149,
      "perceptual_metric": 0.8034226894378662,
      "bit_accs_avg_vanilla": 0.5670573115348816,
      "bit_accs_std_vanilla": 0.04661682993173599
    },
    "fid50k_full": 6.330440351055495,
    "fid50k_full_trigger": 7.741506309421016
  },
  "quantization-10": {
    "T4G_extraction": {
      "bit_accs_avc": 0.9378255605697632,
      "bit_accs_std": 0.08865799009799957,
      "perceptual_metric": 0.8038350343704224,
      "bit_accs_avg_vanilla": 0.56689453125,
      "bit_accs_std_vanilla": 0.048253368586301804
    },
    "fid50k_full": 5.919769689249021,
    "fid50k_full_trigger": 7.1597872635336905
  }
}