{
  "noise-1": {
    "IPR_extraction": {
      "ipr_SSIM": 0.7984868884086609,
      "ipr_SSIM_v": 0.5789430141448975
    }
  },
  "noise-3": {
    "IPR_extraction": {
      "ipr_SSIM": 0.7936638593673706,
      "ipr_SSIM_v": 0.5839496850967407
    }
  },
  "noise-6": {
    "IPR_extraction": {
      "ipr_SSIM": 0.792872428894043,
      "ipr_SSIM_v": 0.5979156494140625
    }
  },
  "noise-9": {
    "IPR_extraction": {
      "ipr_SSIM": 0.8064017295837402,
      "ipr_SSIM_v": 0.6147915720939636
    }
  },
  "noise-12": {
    "IPR_extraction": {
      "ipr_SSIM": 0.8175253868103027,
      "ipr_SSIM_v": 0.6306866407394409
    }
  },
  "none-1": {
    "IPR_extraction": {
      "ipr_SSIM": 0.7986572980880737,
      "ipr_SSIM_v": 0.5792958736419678
    },
    "IPR_extraction_with_multimedia_attacks": {
      "none": [
        0.798667311668396,
        0.5793136358261108
      ],
      "rot_25": [
        0.5677955150604248,
        0.5966538786888123
      ],
      "rot_90": [
        0.4389030933380127,
        0.5793136358261108
      ],
      "jpeg_80": [
        0.7768992781639099,
        0.5702725648880005
      ],
      "jpeg_50": [
        0.7636703848838806,
        0.5660593509674072
      ],
      "brightness_1p5": [
        0.6951155662536621,
        0.5823651552200317
      ],
      "brightness_2": [
        0.5856575965881348,
        0.6134400367736816
      ],
      "contrast_1p5": [
        0.785754919052124,
        0.5863162279129028
      ],
      "contrast_2": [
        0.7538198232650757,
        0.5720044374465942
      ],
      "saturation_1p5": [
        0.8080605268478394,
        0.6011896729469299
      ],
      "saturation_2": [
        0.8176321983337402,
        0.6239041090011597
      ],
      "sharpness_1p5": [
        0.7874468564987183,
        0.5748118162155151
      ],
      "sharpness_2": [
        0.7747661471366882,
        0.5731240510940552
      ],
      "overlay_text": [
        0.8776839971542358,
        0.7158349752426147
      ]
    },
    "fid50k_full": 5.844393640161625,
    "fid50k_full_trigger": 183.7259591450346
  },
  "pruning-5": {
    "IPR_extraction": {
      "ipr_SSIM": 0.7987272143363953,
      "ipr_SSIM_v": 0.5789315700531006
    }
  },
  "pruning-15": {
    "IPR_extraction": {
      "ipr_SSIM": 0.8004598617553711,
      "ipr_SSIM_v": 0.5848217010498047
    }
  },
  "pruning-20": {
    "IPR_extraction": {
      "ipr_SSIM": 0.7974908351898193,
      "ipr_SSIM_v": 0.5881374478340149
    }
  },
  "pruning-25": {
    "IPR_extraction": {
      "ipr_SSIM": 0.7919903993606567,
      "ipr_SSIM_v": 0.587753176689148
    }
  },
  "pruning-30": {
    "IPR_extraction": {
      "ipr_SSIM": 0.8211976289749146,
      "ipr_SSIM_v": 0.6454637050628662
    }
  },
  "pruning-35": {
    "IPR_extraction": {
      "ipr_SSIM": 0.8183395266532898,
      "ipr_SSIM_v": 0.6449912190437317
    }
  },
  "pruning-40": {
    "IPR_extraction": {
      "ipr_SSIM": 0.8176929354667664,
      "ipr_SSIM_v": 0.6640954613685608
    }
  },
  "pruning-45": {
    "IPR_extraction": {
      "ipr_SSIM": 0.8164113759994507,
      "ipr_SSIM_v": 0.6784698367118835
    }
  },
  "quantization-6": {
    "IPR_extraction": {
      "ipr_SSIM": 0.7886018753051758,
      "ipr_SSIM_v": 0.6621044874191284
    }
  },
  "quantization-7": {
    "IPR_extraction": {
      "ipr_SSIM": 0.8048038482666016,
      "ipr_SSIM_v": 0.6005358099937439
    }
  },
  "quantization-8": {
    "IPR_extraction": {
      "ipr_SSIM": 0.7993248701095581,
      "ipr_SSIM_v": 0.5827610492706299
    }
  },
  "quantization-9": {
    "IPR_extraction": {
      "ipr_SSIM": 0.7978245615959167,
      "ipr_SSIM_v": 0.5774785280227661
    }
  },
  "quantization-10": {
    "IPR_extraction": {
      "ipr_SSIM": 0.7986181974411011,
      "ipr_SSIM_v": 0.5796612501144409
    }
  }
}