{
  "noise-1": {
    "IPR_extraction": {
      "ipr_SSIM": 0.7966170310974121,
      "ipr_SSIM_v": 0.6293268799781799
    }
  },
  "noise-3": {
    "IPR_extraction": {
      "ipr_SSIM": 0.796013355255127,
      "ipr_SSIM_v": 0.6391264796257019
    }
  },
  "noise-6": {
    "IPR_extraction": {
      "ipr_SSIM": 0.8110420107841492,
      "ipr_SSIM_v": 0.6650175452232361
    }
  },
  "noise-9": {
    "IPR_extraction": {
      "ipr_SSIM": 0.8234539031982422,
      "ipr_SSIM_v": 0.6864837408065796
    }
  },
  "noise-12": {
    "IPR_extraction": {
      "ipr_SSIM": 0.833956241607666,
      "ipr_SSIM_v": 0.7039527893066406
    }
  },
  "none-1": {
    "IPR_extraction": {
      "ipr_SSIM": 0.7938833236694336,
      "ipr_SSIM_v": 0.626649796962738
    },
    "IPR_extraction_with_multimedia_attacks": {
      "none": [
        0.7938825488090515,
        0.6266561150550842
      ],
      "rot_25": [
        0.643213152885437,
        0.645616352558136
      ],
      "rot_90": [
        0.5394018888473511,
        0.6266560554504395
      ],
      "jpeg_80": [
        0.7689617872238159,
        0.6119250059127808
      ],
      "jpeg_50": [
        0.7592384219169617,
        0.6094845533370972
      ],
      "brightness_1p5": [
        0.7125402688980103,
        0.6265195608139038
      ],
      "brightness_2": [
        0.617273211479187,
        0.6454389095306396
      ],
      "contrast_1p5": [
        0.7862608432769775,
        0.6310645341873169
      ],
      "contrast_2": [
        0.759173572063446,
        0.6096446514129639
      ],
      "saturation_1p5": [
        0.8085699081420898,
        0.6537570953369141
      ],
      "saturation_2": [
        0.8232522010803223,
        0.6802586317062378
      ],
      "sharpness_1p5": [
        0.7886670827865601,
        0.6265572905540466
      ],
      "sharpness_2": [
        0.7846180200576782,
        0.6307865381240845
      ],
      "overlay_text": [
        0.8811534643173218,
        0.7700369358062744
      ]
    },
    "fid50k_full": 5.090098689176489,
    "fid50k_full_trigger": 225.13502081823634
  },
  "pruning-5": {
    "IPR_extraction": {
      "ipr_SSIM": 0.7950782775878906,
      "ipr_SSIM_v": 0.6308395266532898
    }
  },
  "pruning-15": {
    "IPR_extraction": {
      "ipr_SSIM": 0.8046563863754272,
      "ipr_SSIM_v": 0.6511994004249573
    }
  },
  "pruning-20": {
    "IPR_extraction": {
      "ipr_SSIM": 0.8046001195907593,
      "ipr_SSIM_v": 0.65468829870224
    }
  },
  "pruning-25": {
    "IPR_extraction": {
      "ipr_SSIM": 0.806867778301239,
      "ipr_SSIM_v": 0.6540781259536743
    }
  },
  "pruning-30": {
    "IPR_extraction": {
      "ipr_SSIM": 0.8054201602935791,
      "ipr_SSIM_v": 0.6534780263900757
    }
  },
  "pruning-35": {
    "IPR_extraction": {
      "ipr_SSIM": 0.7992793917655945,
      "ipr_SSIM_v": 0.6718420386314392
    }
  },
  "pruning-40": {
    "IPR_extraction": {
      "ipr_SSIM": 0.7771252393722534,
      "ipr_SSIM_v": 0.7193069458007812
    }
  },
  "pruning-45": {
    "IPR_extraction": {
      "ipr_SSIM": 0.7890505790710449,
      "ipr_SSIM_v": 0.6966166496276855
    }
  },
  "quantization-6": {
    "IPR_extraction": {
      "ipr_SSIM": 0.6857485175132751,
      "ipr_SSIM_v": 0.6291857957839966
    }
  },
  "quantization-7": {
    "IPR_extraction": {
      "ipr_SSIM": 0.7499104738235474,
      "ipr_SSIM_v": 0.6303058862686157
    }
  },
  "quantization-8": {
    "IPR_extraction": {
      "ipr_SSIM": 0.8087245225906372,
      "ipr_SSIM_v": 0.6549081206321716
    }
  },
  "quantization-9": {
    "IPR_extraction": {
      "ipr_SSIM": 0.7886943817138672,
      "ipr_SSIM_v": 0.6222042441368103
    }
  },
  "quantization-10": {
    "IPR_extraction": {
      "ipr_SSIM": 0.7931408882141113,
      "ipr_SSIM_v": 0.6262259483337402
    }
  }
}